<?xml version="1.0"?>
<item><USR>teacher-g2</USR><PWD>8129f5699e465fc75eec94a17c21efbfe7618ed0</PWD><EMAIL>teacher-g2@31.com</EMAIL><HTMLEDITOR>on</HTMLEDITOR><TIMEZONE>Europe/Athens</TIMEZONE><LANG>el_GR</LANG><USERSNAME>teacher-g2</USERSNAME><USERSBIO><![CDATA[<p>teacher-g2 / teacher-g2</p>
]]></USERSBIO><PERMISSIONS><PAGES/><FILES/><THEME>no</THEME><PLUGINS>no</PLUGINS><BACKUPS>no</BACKUPS><SETTINGS>no</SETTINGS><SUPPORT>no</SUPPORT><EDIT/><LANDING>edit.php?id=g2</LANDING><ADMIN>no</ADMIN></PERMISSIONS></item>
