<?xml version="1.0"?>
<item><USR>teacher-d2</USR><PWD>a9f132052b56a9395be4541057f919498e500a44</PWD><EMAIL>teacher-d2@41.com</EMAIL><HTMLEDITOR>on</HTMLEDITOR><TIMEZONE>Europe/Athens</TIMEZONE><LANG>el_GR</LANG><USERSNAME>teacher-d2</USERSNAME><USERSBIO><![CDATA[<p>teacher-d2 / teacher-d2</p>
]]></USERSBIO><PERMISSIONS><PAGES/><FILES/><THEME>no</THEME><PLUGINS>no</PLUGINS><BACKUPS>no</BACKUPS><SETTINGS>no</SETTINGS><SUPPORT>no</SUPPORT><EDIT/><LANDING>edit.php?id=test-user22page</LANDING><ADMIN>no</ADMIN></PERMISSIONS></item>
