<?xml version="1.0"?>
<item><USR>user3</USR><PWD>d56d196e44d15d5866067c456ab63ae19a677075</PWD><EMAIL>user2456@cc.cu</EMAIL><HTMLEDITOR>on</HTMLEDITOR><TIMEZONE>Europe/Athens</TIMEZONE><LANG>el_GR</LANG><USERSNAME>user3</USERSNAME><USERSBIO><![CDATA[<p>user3 / user</p>
]]></USERSBIO><PERMISSIONS><PAGES></PAGES><FILES>no</FILES><THEME>no</THEME><PLUGINS>no</PLUGINS><BACKUPS>no</BACKUPS><SETTINGS>no</SETTINGS><SUPPORT>no</SUPPORT><EDIT>no</EDIT><LANDING>edit.php</LANDING><ADMIN>no</ADMIN></PERMISSIONS></item>
