<?xml version="1.0"?>
<item><USR>user4</USR><PWD>f06f30fa6356cae7511a4cfb1a93b5dfe0070800</PWD><EMAIL>user4</EMAIL><HTMLEDITOR>on</HTMLEDITOR><TIMEZONE>Europe/Athens</TIMEZONE><LANG>el_GR</LANG><USERSNAME>user4</USERSNAME><USERSBIO><![CDATA[<p>user4 / user</p>
]]></USERSBIO><PERMISSIONS><PAGES></PAGES><FILES>no</FILES><THEME>no</THEME><PLUGINS>no</PLUGINS><BACKUPS>no</BACKUPS><SETTINGS>no</SETTINGS><SUPPORT>no</SUPPORT><EDIT>no</EDIT><LANDING>edit.php</LANDING><ADMIN>no</ADMIN></PERMISSIONS></item>
