<?xml version="1.0"?>
<item><USR>user1</USR><PWD>9c48db8b23c6725efc188d887de442199226ecc3</PWD><EMAIL>user1@4320.com</EMAIL><HTMLEDITOR>on</HTMLEDITOR><TIMEZONE>Europe/Athens</TIMEZONE><LANG>el_GR</LANG><USERSNAME>user1</USERSNAME><USERSBIO><![CDATA[<p>user1 / user1</p>
]]></USERSBIO><PERMISSIONS><PAGES></PAGES><FILES></FILES><THEME>no</THEME><PLUGINS>no</PLUGINS><BACKUPS>no</BACKUPS><SETTINGS>no</SETTINGS><SUPPORT></SUPPORT><EDIT></EDIT><LANDING>edit.php</LANDING><ADMIN>no</ADMIN></PERMISSIONS></item>
