<?xml version="1.0"?>
<item><USR>user9</USR><PWD>9b55483a236cb6beeb5497b69a2f6d8bbe2c368a</PWD><EMAIL>user9@4320.com</EMAIL><HTMLEDITOR>on</HTMLEDITOR><TIMEZONE>Europe/Athens</TIMEZONE><LANG>el_GR</LANG><USERSNAME>user9</USERSNAME><USERSBIO><![CDATA[<p>user9 / user8101112</p>
]]></USERSBIO><PERMISSIONS><PAGES></PAGES><FILES></FILES><THEME>no</THEME><PLUGINS>no</PLUGINS><BACKUPS>no</BACKUPS><SETTINGS>no</SETTINGS><SUPPORT></SUPPORT><EDIT></EDIT><LANDING>edit.php</LANDING><ADMIN>no</ADMIN></PERMISSIONS></item>
