<?xml version="1.0"?>
<item><USR>user10</USR><PWD>feb4fb476a050503b851af9b3105bf3c0401c23b</PWD><EMAIL>user10@4320.com</EMAIL><HTMLEDITOR>on</HTMLEDITOR><TIMEZONE>Europe/Athens</TIMEZONE><LANG>el_GR</LANG><USERSNAME>user10</USERSNAME><USERSBIO><![CDATA[<p>user10 / user9111213</p>
]]></USERSBIO><PERMISSIONS><PAGES></PAGES><FILES></FILES><THEME>no</THEME><PLUGINS>no</PLUGINS><BACKUPS>no</BACKUPS><SETTINGS>no</SETTINGS><SUPPORT></SUPPORT><EDIT></EDIT><LANDING>edit.php</LANDING><ADMIN>no</ADMIN></PERMISSIONS></item>
