<?xml version="1.0"?>
<item><USR>user7</USR><PWD>dc3062d1f5d483962a077a63e7e91506b30ec608</PWD><EMAIL>user7@68910.com</EMAIL><HTMLEDITOR>on</HTMLEDITOR><TIMEZONE>Europe/Athens</TIMEZONE><LANG>el_GR</LANG><USERSNAME>user7</USERSNAME><USERSBIO><![CDATA[<p>user7 / user7</p>
]]></USERSBIO><PERMISSIONS><PAGES></PAGES><FILES></FILES><THEME>no</THEME><PLUGINS>no</PLUGINS><BACKUPS>no</BACKUPS><SETTINGS>no</SETTINGS><SUPPORT></SUPPORT><EDIT></EDIT><LANDING>edit.php</LANDING><ADMIN>no</ADMIN></PERMISSIONS></item>
