<?xml version="1.0"?>
<item><USR>user8</USR><PWD>16d5241e9136774044cdcae5337188fab094ce5f</PWD><EMAIL>user8@4320.com</EMAIL><HTMLEDITOR>on</HTMLEDITOR><TIMEZONE>Europe/Athens</TIMEZONE><LANG>el_GR</LANG><USERSNAME>user8</USERSNAME><USERSBIO><![CDATA[<p>user8 / user791011</p>
]]></USERSBIO><PERMISSIONS><PAGES></PAGES><FILES></FILES><THEME>no</THEME><PLUGINS>no</PLUGINS><BACKUPS>no</BACKUPS><SETTINGS>no</SETTINGS><SUPPORT></SUPPORT><EDIT></EDIT><LANDING>edit.php</LANDING><ADMIN>no</ADMIN></PERMISSIONS></item>
