<?xml version="1.0"?>
<item><USR>user2</USR><PWD>f6219aea49987dc3046c2e75553782f638a4359d</PWD><EMAIL>user</EMAIL><HTMLEDITOR>on</HTMLEDITOR><TIMEZONE>Europe/Athens</TIMEZONE><LANG>el_GR</LANG><USERSNAME>user2</USERSNAME><USERSBIO><![CDATA[<p>user2 / or user1345</p>
]]></USERSBIO><PERMISSIONS><PAGES></PAGES><FILES>no</FILES><THEME>no</THEME><PLUGINS>no</PLUGINS><BACKUPS>no</BACKUPS><SETTINGS>no</SETTINGS><SUPPORT>no</SUPPORT><EDIT>no</EDIT><LANDING>edit.php</LANDING><ADMIN>no</ADMIN></PERMISSIONS></item>
