<?xml version="1.0"?>
<item><USR>user5</USR><PWD>8f585d504ec323c3e0f2838d059160eec2ff785d</PWD><EMAIL>user5</EMAIL><HTMLEDITOR>on</HTMLEDITOR><TIMEZONE>Europe/Athens</TIMEZONE><LANG>el_GR</LANG><USERSNAME>user5</USERSNAME><USERSBIO><![CDATA[<p>user5 / user</p>
]]></USERSBIO><PERMISSIONS><PAGES></PAGES><FILES>no</FILES><THEME>no</THEME><PLUGINS>no</PLUGINS><BACKUPS>no</BACKUPS><SETTINGS>no</SETTINGS><SUPPORT>no</SUPPORT><EDIT>no</EDIT><LANDING>edit.php</LANDING><ADMIN>no</ADMIN></PERMISSIONS></item>
