<?xml version="1.0"?>
<item><USR>user6</USR><PWD>44330492a5903482e756a673862ee3adca47f77e</PWD><EMAIL>user5789</EMAIL><HTMLEDITOR>on</HTMLEDITOR><TIMEZONE>Europe/Athens</TIMEZONE><LANG>el_GR</LANG><USERSNAME>user6</USERSNAME><USERSBIO><![CDATA[<p>user6 / user</p>
]]></USERSBIO><PERMISSIONS><PAGES></PAGES><FILES>no</FILES><THEME>no</THEME><PLUGINS>no</PLUGINS><BACKUPS>no</BACKUPS><SETTINGS>no</SETTINGS><SUPPORT>no</SUPPORT><EDIT>no</EDIT><LANDING>edit.php</LANDING><ADMIN>no</ADMIN></PERMISSIONS></item>
