<?xml version="1.0"?>
<item><USR>teacher-e1</USR><PWD>c71ce8327ddb80f5f2d66ef497a4c2f2ed295a15</PWD><EMAIL>teacher-e1@51.com</EMAIL><HTMLEDITOR>on</HTMLEDITOR><TIMEZONE>Europe/Athens</TIMEZONE><LANG>el_GR</LANG><USERSNAME>teacher-e1</USERSNAME><USERSBIO><![CDATA[<p>teacher-e1 / teacher-e1</p>
]]></USERSBIO><PERMISSIONS><PAGES/><FILES/><THEME>no</THEME><PLUGINS>no</PLUGINS><BACKUPS>no</BACKUPS><SETTINGS>no</SETTINGS><SUPPORT>no</SUPPORT><EDIT/><LANDING>edit.php?id=test-user22page</LANDING><ADMIN>no</ADMIN></PERMISSIONS></item>
