<?xml version="1.0"?>
<item><USR>teacher-st1</USR><PWD>daac3f129faec35d7489b153873cb9794d887ccb</PWD><EMAIL>teacher-st1@61.com</EMAIL><HTMLEDITOR>on</HTMLEDITOR><TIMEZONE>Europe/Athens</TIMEZONE><LANG>el_GR</LANG><USERSNAME>teacher-st1</USERSNAME><USERSBIO><![CDATA[<p>teacher-st1 / teacher-st1</p>
]]></USERSBIO><PERMISSIONS><PAGES/><FILES/><THEME>no</THEME><PLUGINS>no</PLUGINS><BACKUPS>no</BACKUPS><SETTINGS>no</SETTINGS><SUPPORT>no</SUPPORT><EDIT/><LANDING>edit.php?id=test-user22page</LANDING><ADMIN>no</ADMIN></PERMISSIONS></item>
