<?xml version="1.0"?>
<item><USR>teacher-a1</USR><PWD>011c945f30ce2cbafc452f39840f025693339c42</PWD><EMAIL>teacher-a1@11.com</EMAIL><HTMLEDITOR>on</HTMLEDITOR><TIMEZONE>Europe/Athens</TIMEZONE><LANG>el_GR</LANG><USERSNAME>teacher-a1</USERSNAME><USERSBIO><![CDATA[<p>teacher-a1 / teacher-a1</p>
]]></USERSBIO><PERMISSIONS><PAGES/><FILES/><THEME>no</THEME><PLUGINS>no</PLUGINS><BACKUPS>no</BACKUPS><SETTINGS>no</SETTINGS><SUPPORT>no</SUPPORT><EDIT/><LANDING>edit.php?id=test-user22page</LANDING><ADMIN>no</ADMIN></PERMISSIONS></item>
